gender,SeniorCitizen,Partner,Dependents,tenure,PhoneService,InternetService,MonthlyCharges,TotalCharges,Churn
Male,0,No,Yes,30,No,Fiber optic,112.08418826173724,411.4718098111966,Yes
Female,1,No,No,17,Yes,Fiber optic,106.98963620621282,5674.043862873938,Yes
Male,0,Yes,No,62,No,No,71.88380571260721,7409.46170758376,Yes
Male,0,Yes,No,13,Yes,Fiber optic,79.12754357449293,1526.5452265059348,Yes
Male,1,No,Yes,59,No,DSL,59.90027038701302,4586.767321365773,No
Female,0,No,Yes,19,Yes,Fiber optic,25.47616388220313,7332.35755094553,No
Male,1,No,Yes,49,Yes,No,53.519724164590095,368.17323082781087,No
Male,1,No,No,12,No,No,100.28534485980114,5609.620111250036,Yes
Male,1,No,No,61,Yes,Fiber optic,20.463202300460285,2449.057158243151,No
Female,0,No,No,19,Yes,No,53.34991716911442,7402.72994347459,No
Male,0,Yes,Yes,9,Yes,DSL,59.81686935909433,7771.3601368064055,No
Male,0,No,No,71,Yes,DSL,73.7395602937923,7559.7052639961275,Yes
Male,0,No,No,28,Yes,Fiber optic,111.98556164127605,3846.292311593964,Yes
Male,0,Yes,No,52,Yes,Fiber optic,54.634599436596126,6910.136942815576,Yes
Female,0,Yes,No,16,No,Fiber optic,54.69532018962277,6771.940248427056,Yes
Male,0,Yes,Yes,69,Yes,No,93.75012481097484,2620.8937386217194,No
Female,1,Yes,Yes,12,Yes,DSL,65.22179408898072,6648.432245790351,No
Female,0,No,No,25,No,DSL,42.4604822939982,392.36031425239173,No
Female,1,No,Yes,52,No,No,65.24395161326933,4810.532040008219,No
Male,0,No,Yes,53,No,DSL,34.085702037979985,1917.069814572854,Yes
Female,0,No,No,23,No,Fiber optic,37.63869865062233,1052.4783976405026,Yes
Male,0,No,No,16,No,Fiber optic,69.83677727394797,707.9302928707523,Yes
Female,1,No,Yes,57,No,Fiber optic,61.89254495045479,5600.681329437304,No
Female,1,Yes,No,39,No,DSL,111.48459010681,2785.0122137677226,Yes
Female,1,No,Yes,53,Yes,Fiber optic,56.23938991166331,5825.657495077216,Yes
Female,1,Yes,No,42,Yes,No,78.05883502780435,616.3150923116448,No
Female,0,Yes,Yes,58,No,No,83.22642879195304,2590.7936688618215,No
Female,1,No,No,39,Yes,DSL,21.309445658833365,4361.981209765164,Yes
Female,0,Yes,Yes,14,Yes,No,86.35373720167107,6346.713002227812,Yes
Female,0,No,Yes,5,Yes,No,37.80359668697514,2618.1447731633525,Yes
Male,1,Yes,Yes,35,No,DSL,116.10703174694551,5044.541873852372,Yes
Male,1,No,No,18,No,Fiber optic,34.866272775311295,7099.224211065878,Yes
Female,1,Yes,Yes,9,Yes,Fiber optic,61.462412372702374,4965.319186640206,Yes
Female,1,No,Yes,58,No,Fiber optic,28.534966807864386,1940.3798505537068,No
Female,1,No,No,17,Yes,DSL,119.68742518459473,292.7661742966503,No
Male,1,No,No,7,Yes,No,70.21950103312426,6973.781103817346,No
Female,1,No,Yes,46,Yes,Fiber optic,79.53850173200438,268.0283457180584,Yes
Male,1,No,Yes,13,Yes,Fiber optic,26.70764773884275,7010.143214205175,No
Male,0,Yes,No,40,No,DSL,94.99604703991778,4278.603358814975,Yes
Male,1,Yes,No,42,No,Fiber optic,40.99055930955858,7518.63481825188,Yes
Male,1,Yes,No,9,No,DSL,109.80542894407138,6410.387562611956,No
Male,0,No,No,50,Yes,No,40.51396404820072,7983.679473213366,Yes
Female,1,Yes,No,27,No,DSL,39.068772066366655,2870.6233420685103,Yes
Female,0,No,Yes,66,Yes,DSL,23.65496678480949,6160.787482555903,No
Female,0,No,No,5,No,DSL,67.20669451099992,3275.254217513013,No
Female,1,Yes,Yes,29,Yes,DSL,76.48411332626165,3891.01740040088,No
Female,0,Yes,Yes,37,Yes,No,26.57086394283524,5057.293159425124,Yes
Male,0,No,Yes,38,Yes,No,97.55276166950105,7002.049202072076,No
Female,0,Yes,No,8,No,Fiber optic,65.32888347480275,7874.259406674431,No
Female,0,No,Yes,65,No,No,72.439026932758,6169.359969529693,Yes
Male,1,No,Yes,17,No,No,64.07627469382282,3400.357579121937,No
Female,0,No,No,71,No,Fiber optic,60.0763060875326,3428.7203179888543,No
Male,1,No,Yes,45,Yes,No,75.96403313082179,5926.900182552243,No
Female,0,No,Yes,4,No,DSL,35.524024593071246,1986.3394515695884,Yes
Male,0,Yes,No,36,No,DSL,38.19281304952711,972.7454937380178,Yes
Female,0,Yes,Yes,70,Yes,Fiber optic,106.17856210135173,2901.5150453621345,Yes
Female,0,No,Yes,31,Yes,Fiber optic,114.61154621336327,2369.1880340672456,Yes
Male,1,No,Yes,19,Yes,Fiber optic,57.330931627975296,2440.8341516023215,No
Male,1,Yes,No,61,No,DSL,47.074467314355374,1945.5012332942886,Yes
Male,0,Yes,No,54,Yes,No,84.39995432390158,432.5361981272589,Yes
Male,0,No,No,39,Yes,DSL,60.87341710980964,241.2040843939691,No
Male,1,Yes,Yes,19,Yes,Fiber optic,22.538635566034486,7903.006878914649,No
Male,0,No,Yes,39,No,No,35.61525973661904,3479.4077565133125,No
Male,0,Yes,No,67,Yes,No,91.59722288473975,3136.180512561485,Yes
Male,0,No,Yes,45,No,DSL,85.89239419101514,5469.213533275251,Yes
Female,1,Yes,Yes,13,No,Fiber optic,22.709599250348347,1824.205714134007,Yes
Female,1,No,No,58,Yes,DSL,42.19721619329495,7604.693353206781,No
Male,1,Yes,No,20,Yes,No,43.10747965880714,6312.125613882861,No
Female,0,Yes,Yes,61,No,DSL,87.18927435987284,806.3469182668501,Yes
Female,0,No,Yes,39,Yes,DSL,21.971053775436417,3398.888128700934,No
Female,1,Yes,Yes,1,Yes,Fiber optic,30.410858198457383,7045.034629741101,No
Female,1,No,No,3,No,Fiber optic,99.99160853731894,7563.382976102142,No
Male,1,Yes,No,62,No,No,37.85446620543336,3792.471938873971,Yes
Female,1,No,No,63,Yes,DSL,85.27461078518748,4945.9499747645905,No
Male,0,Yes,No,25,No,DSL,43.81827810467265,1419.5681741273943,No
Female,1,No,Yes,56,Yes,DSL,29.944139275934518,7930.232146482114,Yes
Female,0,Yes,No,33,Yes,No,44.317219099945405,1930.206440929203,Yes
Female,1,No,No,38,Yes,No,92.22669318556592,7547.5810156674925,No
Male,0,Yes,No,6,No,Fiber optic,105.56964681062857,5232.208527039711,No
Female,1,No,No,58,Yes,Fiber optic,103.02198645669915,4901.120679542987,Yes
Male,1,No,No,44,Yes,Fiber optic,59.71835296184548,4150.239237030418,Yes
Female,1,No,Yes,45,Yes,DSL,86.80851365706462,1922.2915125702937,No
Male,1,Yes,Yes,32,No,DSL,40.4984295415821,1494.5714528435153,No
Female,0,No,No,45,No,Fiber optic,49.31477302610133,1841.8410516543854,No
Male,1,Yes,Yes,61,No,DSL,109.63358185211197,1572.8622709396107,No
Male,0,No,No,47,No,Fiber optic,21.300192351073605,6258.717341177351,Yes
Female,0,Yes,No,21,No,No,28.550853085446807,2865.9895474171676,No
Male,0,No,Yes,36,Yes,Fiber optic,40.78862551460273,556.9571448508314,No
Female,0,Yes,Yes,19,No,No,22.65322038738197,7755.910778112409,Yes
Female,1,Yes,No,20,No,DSL,38.14354350897973,7081.908491211063,No
Female,0,No,No,57,No,Fiber optic,78.30415609696922,7429.243037242182,Yes
Female,0,Yes,No,18,Yes,DSL,62.1424550592498,7959.771798906839,No
Female,0,Yes,Yes,47,No,No,109.26717110769748,1473.7724688339497,No
Female,1,No,No,49,No,No,101.7443561738441,3230.311949331004,Yes
Female,1,Yes,No,14,Yes,No,54.1817351697876,6090.0839580623215,Yes
Female,1,Yes,No,15,No,DSL,45.94234334312925,5598.562882624959,No
Female,1,Yes,Yes,31,Yes,DSL,57.96924081672669,1315.777660084855,No
Female,0,No,No,1,Yes,DSL,79.02949425148077,6545.081687425881,No
Female,0,Yes,No,54,Yes,DSL,46.80636408228763,1873.0805175096193,Yes
Male,1,No,Yes,3,Yes,No,82.41489078491341,1868.1591570987223,No
Male,0,Yes,No,16,Yes,No,60.941165219124045,4342.097940857967,Yes
Female,0,Yes,No,57,No,Fiber optic,75.20471808519802,4784.225485249455,Yes
Female,0,Yes,Yes,12,Yes,Fiber optic,63.61265291353167,4682.681041918709,No
Female,1,No,No,16,Yes,DSL,49.44657595419177,822.7460154422635,Yes
Female,1,Yes,Yes,24,No,No,114.84533069621567,7031.940814780005,No
Female,0,Yes,Yes,28,Yes,No,96.36057941597608,2198.2403364507777,No
Female,1,No,No,8,No,No,34.011317576645254,1123.167878134153,No
Female,1,Yes,No,36,No,Fiber optic,106.84679758979128,7121.10983096492,No
Female,1,No,No,8,No,Fiber optic,68.74311982495136,7649.646836015052,No
Male,1,No,No,58,Yes,No,109.45522268940914,6910.8081763970595,Yes
Female,1,Yes,Yes,60,Yes,No,99.98552559473153,6495.176990326537,Yes
Male,0,No,No,50,Yes,No,62.52135044692334,5276.411647048271,No
Female,1,Yes,Yes,28,No,Fiber optic,22.24693083201174,4451.7732278122,No
Female,0,No,No,41,Yes,No,46.867735938494604,787.1954033001401,Yes
Male,0,No,No,64,Yes,No,74.16342146608669,3326.7803832585196,Yes
Female,1,Yes,No,27,Yes,DSL,83.34782198261473,3044.2392843972802,Yes
Male,0,No,Yes,63,No,DSL,45.78876854332023,2152.054891706577,Yes
Female,0,No,No,17,No,Fiber optic,33.93560740728241,5815.018898139821,No
Female,0,No,No,33,Yes,No,103.4930236799299,4017.418307122289,No
Male,1,No,No,29,Yes,No,118.44021807035521,740.2651056704187,Yes
Female,1,No,No,13,Yes,DSL,72.56901823026858,1839.4472954035095,No
Male,0,Yes,Yes,46,Yes,Fiber optic,37.16792858483035,5497.744232910808,Yes
Female,1,No,No,35,No,DSL,47.2307326519369,701.4337899733714,No
Male,1,Yes,Yes,6,No,DSL,21.839067654746675,6824.534620985272,Yes
Male,1,No,Yes,69,No,DSL,111.4298806560499,4011.657563410397,No
Female,1,Yes,Yes,47,No,DSL,31.775108289014113,3896.633960880519,Yes
Female,0,Yes,Yes,25,Yes,No,77.65164755142536,4780.021498810189,Yes
Male,0,No,Yes,66,Yes,No,47.4055220687206,6614.979630808679,No
Female,1,No,Yes,10,Yes,DSL,75.41780025157934,2847.692742427325,Yes
Female,1,No,No,56,No,Fiber optic,85.14203883518643,5456.327605216602,No
Female,0,Yes,Yes,30,Yes,Fiber optic,102.97418037072016,4569.28251556675,No
Male,0,No,Yes,5,No,Fiber optic,40.64212717606032,2209.5233343384284,Yes
Male,1,Yes,Yes,33,No,Fiber optic,21.09958286584805,7041.176892205748,No
Male,0,Yes,No,65,Yes,DSL,33.68856300688073,6399.665570694732,No
Male,1,Yes,No,18,Yes,No,110.00186418481051,5301.769493801561,No
Male,1,No,Yes,49,Yes,Fiber optic,107.38900775625153,6819.595659844511,No
Male,0,No,No,11,No,DSL,79.74131021703083,6951.624187582439,No
Male,0,Yes,Yes,26,Yes,Fiber optic,80.05168604336534,5696.067516048774,Yes
Male,1,Yes,Yes,63,No,Fiber optic,86.50366745462554,6712.405294073009,No
Male,1,No,No,59,Yes,DSL,37.53712786234496,5610.02454718734,No
Female,0,Yes,Yes,27,No,No,111.44119459249598,5473.112096906373,No
Male,1,No,No,49,No,No,61.87705248920731,4987.029887899956,No
Female,0,Yes,No,33,Yes,DSL,58.31385282494975,6046.461452505366,No
Female,1,No,Yes,1,No,No,71.89177052828376,1352.9803318152822,Yes
Female,0,Yes,Yes,21,No,DSL,24.696596677505504,7058.878997671534,No
Male,0,No,No,55,Yes,DSL,36.62833687560794,6987.563869187333,Yes
Male,0,Yes,Yes,6,No,DSL,93.80336164263704,331.05353597301723,Yes
Male,1,No,Yes,69,Yes,No,28.279866792512646,6623.952329461625,Yes
Male,1,No,Yes,5,No,DSL,80.31521094663881,1118.071953040217,Yes
Female,0,Yes,No,3,Yes,Fiber optic,44.534910968132095,2747.438948647221,No
Male,1,Yes,No,53,Yes,No,58.929561404197656,5973.715224703701,Yes
Male,0,No,Yes,23,No,No,48.86937367706999,1370.003178781635,Yes
Male,0,Yes,No,53,No,No,55.567271646494916,6561.939490540592,No
Male,1,No,No,37,No,No,91.90459051842456,6673.860005866161,No
Male,1,Yes,No,17,No,Fiber optic,49.7121715623175,4108.995096710606,No
Female,0,No,No,1,No,No,76.64046402968972,150.4483865629853,Yes
Male,1,No,No,51,Yes,No,67.60504021990997,2367.601252081811,No
Female,1,No,Yes,45,No,DSL,86.36711653626482,4973.722655168363,No
Male,0,No,Yes,4,Yes,No,113.6829739324758,7851.370806416646,Yes
Female,0,No,Yes,62,Yes,Fiber optic,93.25720972102503,5091.32686343168,No
Male,1,No,No,65,No,Fiber optic,41.494037859075675,2152.4482904068623,No
Male,0,Yes,No,32,Yes,Fiber optic,23.118313506128466,5108.645054486929,No
Female,0,Yes,Yes,34,Yes,Fiber optic,46.22640442998251,4365.884499755258,No
Female,1,Yes,No,39,Yes,No,79.50779307002549,6260.778621694034,Yes
Female,0,No,Yes,26,Yes,No,25.142581348425033,945.1470467329714,No
Male,0,No,Yes,34,No,Fiber optic,69.63662472012363,6112.1204297660215,No
Female,1,No,Yes,54,Yes,Fiber optic,79.68428489168892,4376.005971541271,Yes
Male,1,No,No,3,No,No,53.424389081696084,7707.636830486058,No
Male,0,Yes,No,50,No,Fiber optic,97.09122037458219,2800.79011170562,Yes
Female,0,Yes,Yes,12,Yes,DSL,30.65982531337718,5097.71295575819,No
Female,1,No,Yes,65,No,Fiber optic,27.513778173580874,7463.022033529138,Yes
Male,1,Yes,Yes,54,No,Fiber optic,92.81887562036033,909.8268511263661,Yes
Male,1,Yes,Yes,5,No,DSL,69.54913162061985,7504.105049167964,Yes
Female,1,No,No,57,Yes,DSL,88.84023964277361,5534.297206176426,Yes
Female,0,Yes,No,17,No,No,63.48273386037462,635.9127669308581,No
Female,1,No,Yes,47,No,No,44.64020332391068,2477.612178879848,Yes
Male,1,Yes,Yes,23,No,DSL,101.91023176741997,5694.559500297724,No
Male,0,No,No,14,Yes,DSL,99.94158789689793,632.0697516032964,Yes
Male,1,No,No,66,No,No,89.46964708544267,4699.146635392559,Yes
Male,0,No,Yes,51,Yes,Fiber optic,47.21451372299627,2832.476149928358,Yes
Male,1,No,Yes,38,Yes,DSL,79.0230666869087,5005.232590363069,No
Male,1,Yes,Yes,64,Yes,No,56.09738969400268,461.36206711885154,Yes
Female,1,No,No,38,Yes,Fiber optic,29.158207332663416,6985.140768603773,No
Male,0,No,No,50,Yes,DSL,111.73135754622427,7790.562856501436,No
Male,0,No,No,30,Yes,Fiber optic,33.68186309189614,7754.1350567569625,No
Male,1,Yes,Yes,51,No,No,115.02373538208025,6022.249470769105,No
Female,0,No,Yes,63,Yes,DSL,64.60057729579557,1127.6812970319925,No
Male,0,Yes,No,52,No,Fiber optic,38.513292883861965,6090.2792478392785,No
Male,0,No,No,38,No,DSL,74.1900947378358,294.23664002453194,No
Female,0,Yes,Yes,30,Yes,Fiber optic,107.29458358764083,274.7760570790783,No
Male,0,Yes,No,51,No,No,93.22248864095612,2656.520731281376,No
Male,0,No,No,5,No,No,100.65611478614497,3960.2812041968596,Yes
Male,1,Yes,Yes,29,No,DSL,85.87833667107174,6186.218600681566,Yes
Male,1,No,No,4,No,Fiber optic,89.22765645178525,5498.033475191391,Yes
Male,0,No,Yes,10,Yes,DSL,104.91956515653193,3622.631380376312,Yes
Female,1,No,Yes,56,No,DSL,44.966800885918595,2261.6506636251606,Yes
Female,1,Yes,Yes,17,Yes,Fiber optic,68.94249636431405,7977.283551245918,No
Female,1,Yes,Yes,17,No,Fiber optic,42.120944181960226,3466.8322876641864,No
Male,1,No,Yes,69,No,Fiber optic,118.7668007996647,3665.957492204436,No
Male,0,No,Yes,34,Yes,No,114.40593396866133,1392.6281874141866,No
